{"metadata":{"asset_id":"93682583-aabb-4e42-b0dc-f24f5902915c","asset_attributes":["data_asset"],"name":"Dataset.csv","asset_type":"data_asset","created_at":"2021-10-28T10:18:01Z","description":"","origin_country":"us","owner_id":"IBMid-5500048MX2","project_id":"15625de7-1d5b-4813-8519-b575d071ca04","size":55628,"tags":[],"usage":{"last_update_time":1635416283215,"last_updated_at":"2021-10-28T10:18:03Z"}},"entity":{"data_asset":{"mime_type":"text/csv","dataset":false}},"attachments":[{"id":"3b667a1c-ad39-4ce7-aaee-dd4b822e4daa","version":2,"asset_type":"data_asset","name":"Dataset.csv","mime":"text/csv","datasource_type":"193a97c1-4475-4a19-b90c-295c4fdc6517","object_key":"Dataset.csv","creator_id":"IBMid-5500048MX2","create_time":1635416283215,"size":55628,"is_remote":false,"is_managed":false,"is_referenced":true,"is_object_key_read_only":true,"is_user_provided_path_key":true,"transfer_complete":true,"is_partitioned":false,"complete_time_ticks":1635416283215,"user_data":{},"test_doc":0,"handle":{"bucket":"newproject-donotdelete-pr-nxe6tdu7h83j3p","location":"us-geo","key":"Dataset.csv","upload_id":"done","max_part_num":1},"usage":{"access_count":0,"last_accessor_id":"IBMid-5500048MX2","last_access_time":1635416283215}}]}
